"","guid","data_level","data_industry","data_function"
"23456","dXIOWn1q3p","Individual Contributor","Communications","Human Resources"
"23457","fI8ZSae2QY","Supervisor","Communications","Sales"
"23458","2laJn7v5KY","Individual Contributor","Retail","Administrative Services"
"23459","SwnvIM48C6","Individual Contributor","Healthcare","Operations"
"23460","3Z4PW7HeQj","Individual Contributor","Consumer Goods","Administrative Services"
"23461","7mTQBMsyzZ","Individual Contributor","Consumer Goods","Administrative Services"
"23462","luxwZnq6oP","Individual Contributor","Healthcare","Marketing"
"23463","sjN92UPinR","Functional Leader","Financial Services","Sales"
"23464","JsE8oj62vb","Individual Contributor","Financial Services","General Management"
"23465","sxKzkhN4eR","Individual Contributor","Consumer Goods","Sales"
"23466","ns9lx8Tjgo","Individual Contributor","Communications","General Management"
"23467","XYrx1LHWwZ","Supervisor","Government","Marketing"
"23468","cgiKMGfdIW","Individual Contributor","Consumer Goods","Human Resources"
"23469","PHJhq93sMy","Individual Contributor","Retail","Legal"
"23470","EQlb7fkinX","Functional Leader","Government","Administrative Services"
"23471","X43YRSIfNb","Individual Contributor","Financial Services","Sales"
"23472","aMLPzlOGUf","Individual Contributor","Advanced Technology","Administrative Services"
"23473","DgkIBsvK24","Individual Contributor","Financial Services","Human Resources"
"23474","5K6pJIVPXY","Supervisor","Communications","Legal"
"23475","YNzifSLrup","Individual Contributor","Retail","Operations"
"23476","nxPfSeRC8c","Individual Contributor","Healthcare","Sales"
"23477","i9Ut7xLVcS","Mid-level Manager","Financial Services","Legal"
"23478","IoytM9D7ux","Individual Contributor","Government","Administrative Services"
"23479","PZKrOh85Su","Supervisor","Financial Services","Operations"
"23480","Kvs3O1WCQ6","Supervisor","Retail","Sales"
"23481","yAerPxTG6g","Individual Contributor","Consumer Goods","Human Resources"
"23482","McTR8XFHV2","Individual Contributor","Communications","Marketing"
"23483","XzZMuIjHV1","Individual Contributor","Communications","Human Resources"
"23484","h3F8nvT529","Mid-level Manager","Retail","Operations"
"23485","GDVb6tnxRg","Individual Contributor","Healthcare","General Management"
"23486","CMqac5JXxR","Individual Contributor","Communications","Sales"
"23487","xVjRKbrYlX","Individual Contributor","Advanced Technology","Marketing"
"23488","ckqhBd3lty","Individual Contributor","Government","General Management"
"23489","23iWHEIBUT","Individual Contributor","Advanced Technology","General Management"
"23490","3d4q9pYTgW","Individual Contributor","Healthcare","Legal"
"23491","cy63OFIfps","Individual Contributor","Financial Services","Sales"
"23492","ditwB8lNAr","Individual Contributor","Government","Human Resources"
"23493","wCgoOabdVJ","Individual Contributor","Healthcare","Legal"
"23494","w8zIGDnAko","Supervisor","Advanced Technology","Administrative Services"
"23495","2twFj3BTOa","Individual Contributor","Government","Human Resources"
"23496","vQKgG4cotP","Individual Contributor","Government","Legal"
"23497","hjq5Fb4tKH","Individual Contributor","Government","Human Resources"
"23498","ZnzsKL4EJb","Supervisor","Financial Services","Human Resources"
"23499","5OfezE3TAj","Individual Contributor","Consumer Goods","Human Resources"
"23500","i9vlcQ5Fxf","Individual Contributor","Advanced Technology","Human Resources"
"23501","YAl1DuVeBM","Functional Leader","Advanced Technology","Legal"
"23502","OIj5JXRD74","Functional Leader","Advanced Technology","Sales"
"23503","UWVTr1Jyhn","Individual Contributor","Healthcare","Marketing"
"23504","lTwq4BzrPe","Individual Contributor","Government","Human Resources"
"23505","fOzRZYkAse","Individual Contributor","Consumer Goods","Sales"
"23506","3gUoCz2Nvj","Individual Contributor","Healthcare","General Management"
"23507","CQl8jsGo2t","Individual Contributor","Advanced Technology","Sales"
"23508","n8GMNhqzxu","Supervisor","Financial Services","Legal"
"23509","kTe4fcXlax","Supervisor","Retail","Marketing"
"23510","tPyadjzwlC","Individual Contributor","Healthcare","Human Resources"
"23511","45S6afH3Rw","Individual Contributor","Government","Operations"
"23512","68V9zgMFTj","Individual Contributor","Government","Marketing"
"23513","iuyDEUZrR6","Individual Contributor","Communications","Marketing"
"23514","niwqYDsctK","Individual Contributor","Financial Services","Sales"
"23515","xWXYt8Tslc","Individual Contributor","Consumer Goods","Human Resources"
"23516","ctaW1FbZQk","Functional Leader","Healthcare","Operations"
"23517","7RmIMwOaDd","Individual Contributor","Financial Services","General Management"
"23518","FvXLCaAhdr","Individual Contributor","Advanced Technology","Operations"
"23519","DVulbjCkyO","Mid-level Manager","Advanced Technology","Human Resources"
"23520","nHea8r6oip","Individual Contributor","Advanced Technology","Human Resources"
"23521","YrHjcKB2z6","Supervisor","Advanced Technology","Sales"
"23522","gJERZDQ9Nm","Mid-level Manager","Consumer Goods","Operations"
"23523","HINufr3GtZ","Individual Contributor","Healthcare","Sales"
"23524","XcHby7jvQG","Mid-level Manager","Financial Services","General Management"
"23525","BzPfJlLuR9","Individual Contributor","Consumer Goods","Human Resources"
"23526","NtAG8dJSpg","Individual Contributor","Government","Marketing"
"23527","I8Y3h2Oaov","Individual Contributor","Financial Services","Legal"
"23528","plIR9xgoSs","Individual Contributor","Healthcare","Human Resources"
"23529","3zPDGnJLFg","Individual Contributor","Financial Services","Administrative Services"
"23530","BGKUmSWzlJ","Individual Contributor","Consumer Goods","Legal"
"23531","DgpoaUTnZJ","Individual Contributor","Retail","Administrative Services"
"23532","M3PThq48lD","Individual Contributor","Advanced Technology","Legal"
"23533","2oqbtCip9z","Individual Contributor","Government","Administrative Services"
"23534","I1Wm9yMCLl","Supervisor","Consumer Goods","General Management"
"23535","d6hcJK5mit","Mid-level Manager","Healthcare","Human Resources"
"23536","UnH76cxOdu","Individual Contributor","Communications","Sales"
"23537","3FYQVkJLmf","Individual Contributor","Retail","Administrative Services"
"23538","hjeMnO5gia","Individual Contributor","Advanced Technology","General Management"
"23539","vPVkBCHGEZ","Individual Contributor","Financial Services","Operations"
"23540","xNZbGkBwdS","Mid-level Manager","Communications","Sales"
"23541","hC2JmI3R9M","Supervisor","Communications","Administrative Services"
"23542","pDiTCgzGRu","Individual Contributor","Advanced Technology","Sales"
"23543","LGm2HuC1i8","Individual Contributor","Communications","Operations"
"23544","OjMlaqGftz","Individual Contributor","Consumer Goods","Marketing"
"23545","uHERe6Ofqm","Mid-level Manager","Retail","Legal"
"23546","6IHLa4b85X","Individual Contributor","Healthcare","Administrative Services"
"23547","wpEZYTgID8","Individual Contributor","Financial Services","Sales"
"23548","qDc4maOsgG","Individual Contributor","Advanced Technology","Legal"
"23549","zawW9hXxBH","Individual Contributor","Government","Sales"
"23550","CHJyc6NVdZ","Individual Contributor","Consumer Goods","Sales"
"23551","AgkRJYXHpe","Individual Contributor","Healthcare","Marketing"
"23552","HRAq8EynM9","Functional Leader","Government","Marketing"
"23553","zIb7FlSYHt","Individual Contributor","Financial Services","Human Resources"
"23554","x2okg3rmuP","Individual Contributor","Communications","Marketing"
"23555","MmYahndfD6","Individual Contributor","Financial Services","Operations"
"23556","TzEp98N1PX","Individual Contributor","Government","Marketing"
"23557","3XeR6ABTWH","Functional Leader","Retail","Human Resources"
"23558","FdP3LHaRmz","Supervisor","Healthcare","Administrative Services"
"23559","qPuAWkf1Nr","Mid-level Manager","Financial Services","Sales"
"23560","XsDkvG834z","Mid-level Manager","Communications","General Management"
"23561","5WOHviKR9Q","Individual Contributor","Healthcare","Sales"
"23562","Ux3qiVFvPW","Individual Contributor","Government","Operations"
"23563","PyzWINLRMV","Individual Contributor","Consumer Goods","Human Resources"
"23564","MxrVZsuRpq","Supervisor","Healthcare","Marketing"
"23565","X1nZrLdN5t","Individual Contributor","Communications","Human Resources"
"23566","DJstGx471k","Individual Contributor","Consumer Goods","Legal"
"23567","CgY2HfiSmd","Individual Contributor","Communications","Legal"
"23568","uvVIxqC2yG","Individual Contributor","Advanced Technology","Marketing"
"23569","PJRvhD6GAg","Supervisor","Consumer Goods","Marketing"
"23570","VFEX8DsiAf","Individual Contributor","Advanced Technology","Human Resources"
"23571","3gDoBFSwpe","Individual Contributor","Retail","General Management"
"23572","3MA5nokFZa","Individual Contributor","Financial Services","Legal"
"23573","RNuH1KrApc","Mid-level Manager","Advanced Technology","General Management"
"23574","SI5rjKNwhB","Supervisor","Communications","Administrative Services"
"23575","crb8sJLZXW","Individual Contributor","Advanced Technology","Sales"
"23576","ympfer4ij7","Mid-level Manager","Healthcare","General Management"
"23577","aDWj9fmJwC","Supervisor","Retail","General Management"
"23578","Lx5PH1mQfo","Individual Contributor","Consumer Goods","Human Resources"
"23579","PJyI5oR6zU","Individual Contributor","Advanced Technology","Marketing"
"23580","Qm9Dy7B84c","Individual Contributor","Advanced Technology","Sales"
"23581","txuMJrbciI","Individual Contributor","Retail","Administrative Services"
"23582","NVzLE9ptoS","Individual Contributor","Consumer Goods","Administrative Services"
"23583","mPYJhTlCba","Individual Contributor","Healthcare","Marketing"
"23584","MV3ufGUmd5","Individual Contributor","Communications","Human Resources"
"23585","ignxPS98yo","Individual Contributor","Government","Administrative Services"
"23586","1MgCq2UtoP","Individual Contributor","Financial Services","Sales"
"23587","TXVUsKOwjf","Individual Contributor","Communications","Operations"
"23588","85tprCDoPU","Individual Contributor","Consumer Goods","Legal"
"23589","2zN79Znqfx","Individual Contributor","Consumer Goods","Sales"
"23590","xsCmzVbTPB","Individual Contributor","Advanced Technology","Administrative Services"
"23591","IPE6dCT2HX","Individual Contributor","Financial Services","Administrative Services"
"23592","QlZvSXLMkN","Individual Contributor","Healthcare","General Management"
"23593","oxQfVXKRAp","Mid-level Manager","Communications","Human Resources"
"23594","UNMeoIwvA4","Functional Leader","Advanced Technology","General Management"
"23595","qS1NOH8pyG","Supervisor","Retail","General Management"
"23596","VugCSjMPa4","Individual Contributor","Communications","Administrative Services"
"23597","Qa4EBJ3RSG","Supervisor","Advanced Technology","Marketing"
"23598","t1e2zjkd5c","Supervisor","Communications","Administrative Services"
"23599","wMbOUL2haV","Individual Contributor","Healthcare","Sales"
"23600","Zpylt1MsJL","Individual Contributor","Government","Sales"
"23601","gOFar9tEUP","Individual Contributor","Communications","Legal"
"23602","koAxNM74TS","Individual Contributor","Healthcare","Marketing"
"23603","UF479DzTaQ","Individual Contributor","Communications","Sales"
"23604","4I8MmJhHz6","Individual Contributor","Financial Services","Marketing"
"23605","fm5uv8Y712","Supervisor","Communications","General Management"
"23606","ZReQ7gpmM6","Functional Leader","Healthcare","Administrative Services"
"23607","dCIsZDXMzB","Mid-level Manager","Consumer Goods","Sales"
"23608","S9OD26gVWM","Individual Contributor","Government","Human Resources"
"23609","f9LNMR7uae","Individual Contributor","Retail","Legal"
"23610","KVX98LYO6G","Individual Contributor","Communications","Sales"
"23611","3bAtWRDYGV","Individual Contributor","Government","Administrative Services"
"23612","1wXlzqpMkd","Individual Contributor","Consumer Goods","Operations"
"23613","Xp2uk8LoKI","Supervisor","Communications","Administrative Services"
"23614","4XlcmOSU1A","Individual Contributor","Government","Legal"
"23615","uFzgJT3cA8","Individual Contributor","Healthcare","Human Resources"
"23616","IxdAEBVGFN","Individual Contributor","Financial Services","Administrative Services"
"23617","Urin93q1DS","Functional Leader","Advanced Technology","Legal"
"23618","DauqVskJgR","Functional Leader","Financial Services","Sales"
"23619","PHWkFanz4u","Individual Contributor","Retail","Sales"
"23620","jYAf1B2P9W","Individual Contributor","Government","Sales"
"23621","2IU5oxc81L","Functional Leader","Communications","Marketing"
"23622","9g8DU4Zmbc","Individual Contributor","Advanced Technology","Sales"
"23623","8EHN5fCuzr","Mid-level Manager","Consumer Goods","Sales"
"23624","A4iPIbL2e8","Individual Contributor","Healthcare","Human Resources"
"23625","HnWmpfFXD1","Individual Contributor","Healthcare","Sales"
"23626","ygw51kfKsi","Individual Contributor","Financial Services","Marketing"
"23627","LkbgQhFME5","Individual Contributor","Financial Services","Legal"
"23628","jO4TAfEiP7","Individual Contributor","Consumer Goods","Marketing"
"23629","QxLfUARY1K","Individual Contributor","Communications","Marketing"
"23630","kVYrpfiwRm","Individual Contributor","Advanced Technology","Operations"
"23631","OFujBJXKms","Individual Contributor","Government","Marketing"
"23632","NgHWTBpAsE","Functional Leader","Communications","Legal"
"23633","bda7NEwCSz","Individual Contributor","Financial Services","Sales"
"23634","UX2QrITMSn","Individual Contributor","Healthcare","Operations"
"23635","o6GmdBiyvN","Individual Contributor","Financial Services","Marketing"
"23636","BtNfjvU87a","Individual Contributor","Advanced Technology","Legal"
"23637","zl95M8eZyF","Individual Contributor","Healthcare","Administrative Services"
"23638","ToFKpuqGNO","Functional Leader","Retail","Legal"
"23639","KgcWsXiJdU","Individual Contributor","Retail","Operations"
"23640","59I4MO3pKC","Supervisor","Communications","Operations"
"23641","kf9AcJLHWb","Individual Contributor","Advanced Technology","General Management"
"23642","3dJDX1WVwI","Individual Contributor","Financial Services","Operations"
"23643","GtSOMHu9ge","Functional Leader","Government","Operations"
"23644","n8xkABY9Pr","Individual Contributor","Advanced Technology","Administrative Services"
"23645","pgYEMiLc4l","Individual Contributor","Retail","Administrative Services"
"23646","BAO6ZbECHp","Functional Leader","Healthcare","Sales"
"23647","McdP6ojrkv","Individual Contributor","Advanced Technology","Operations"
"23648","yjPGToxbNk","Individual Contributor","Advanced Technology","General Management"
"23649","hCGWsgPBZf","Individual Contributor","Consumer Goods","General Management"
"23650","kPt5UjxcSR","Functional Leader","Retail","Marketing"
"23651","BZ7Dot4vAn","Functional Leader","Consumer Goods","Legal"
"23652","S9EzoMfTOF","Individual Contributor","Financial Services","Legal"
"23653","FvApfIcPSL","Functional Leader","Healthcare","General Management"
"23654","7UbhdzKHFt","Individual Contributor","Financial Services","General Management"
"23655","NGRzd1oij3","Supervisor","Advanced Technology","Sales"
"23656","j8X5QaMGg1","Individual Contributor","Retail","Human Resources"
"23657","Qw8sDo34M5","Functional Leader","Advanced Technology","Legal"
"23658","JbYFLIlGy8","Mid-level Manager","Advanced Technology","General Management"
"23659","SJgDd1rqLl","Supervisor","Financial Services","Sales"
"23660","FSHOAuXoeE","Supervisor","Financial Services","General Management"
"23661","WUBLE9DXmk","Individual Contributor","Communications","Legal"
"23662","EOjnZlPyeq","Individual Contributor","Consumer Goods","Marketing"
"23663","3itG1wumZA","Mid-level Manager","Financial Services","Administrative Services"
"23664","EZ6pNfYMOC","Supervisor","Consumer Goods","Administrative Services"
"23665","XTLaJQl6Vt","Individual Contributor","Communications","General Management"
"23666","hmxlNenfSP","Functional Leader","Retail","Human Resources"
"23667","tnz8DC75Km","Individual Contributor","Communications","General Management"
"23668","sgJQ2EqUpB","Mid-level Manager","Government","Administrative Services"
"23669","NjSrsacve3","Individual Contributor","Government","General Management"
"23670","XsGDSQNytx","Mid-level Manager","Advanced Technology","Legal"
"23671","Yc82KCFLDR","Individual Contributor","Financial Services","General Management"
"23672","89KI5vjfEn","Functional Leader","Retail","Legal"
"23673","NzVXl3SoEf","Supervisor","Financial Services","General Management"
"23674","8hZKNSFn1i","Individual Contributor","Healthcare","Administrative Services"
"23675","XznawlM97c","Individual Contributor","Retail","Sales"
"23676","4pwZHPf6UB","Individual Contributor","Financial Services","Sales"
"23677","GIb18CVNS2","Mid-level Manager","Communications","Sales"
"23678","iCPpBnGDW3","Individual Contributor","Healthcare","Sales"
"23679","6CMdzS5oIU","Individual Contributor","Government","Sales"
"23680","oaLwXRMFtl","Individual Contributor","Consumer Goods","Operations"
"23681","XEfatxdBC1","Individual Contributor","Healthcare","Operations"
"23682","AsUocXVFBd","Individual Contributor","Communications","Human Resources"
"23683","E514sgnmCI","Functional Leader","Healthcare","Marketing"
"23684","K97CrHE3Jb","Functional Leader","Consumer Goods","Administrative Services"
"23685","cmxwdgBM9V","Individual Contributor","Government","Operations"
"23686","vLN37obImE","Individual Contributor","Consumer Goods","Human Resources"
"23687","LdjQiAzsa6","Individual Contributor","Financial Services","Administrative Services"
"23688","arKGBICnbh","Individual Contributor","Advanced Technology","Human Resources"
"23689","haw45LeVr6","Supervisor","Financial Services","General Management"
"23690","qVxyM1fl2J","Individual Contributor","Advanced Technology","Legal"
"23691","MYZGjIQyX3","Individual Contributor","Government","Administrative Services"
"23692","fmb8Vy1SZ4","Individual Contributor","Financial Services","Human Resources"
"23693","2Ay6PCJLnQ","Individual Contributor","Advanced Technology","Legal"
"23694","n3T9yEk6QZ","Individual Contributor","Consumer Goods","General Management"
"23695","HvwdILiKys","Supervisor","Healthcare","Marketing"
"23696","2RbvxcJUNt","Mid-level Manager","Government","Sales"
"23697","jAXTkRa1oJ","Individual Contributor","Advanced Technology","Legal"
"23698","Y2ypoOcFSn","Functional Leader","Financial Services","Operations"
"23699","1OtPkEfLaq","Individual Contributor","Advanced Technology","Legal"
"23700","vrPxSIB8EQ","Individual Contributor","Government","General Management"
"23701","z3s6e4KqNW","Individual Contributor","Advanced Technology","Marketing"
"23702","NRu91OnTr5","Individual Contributor","Advanced Technology","Administrative Services"
"23703","6JFdr1pDqW","Individual Contributor","Retail","Human Resources"
"23704","1ojaEzXAS6","Individual Contributor","Government","Legal"
"23705","n6DUAQjNPh","Functional Leader","Consumer Goods","General Management"
"23706","oby1TPwiNC","Supervisor","Government","Marketing"
"23707","Ep6kc17Faf","Supervisor","Financial Services","General Management"
"23708","e6jmkCFHub","Functional Leader","Healthcare","Human Resources"
"23709","iPDvUJWuHK","Individual Contributor","Healthcare","Administrative Services"
"23710","Knt9THpJEu","Individual Contributor","Consumer Goods","Administrative Services"
"23711","byCjEfcT2t","Individual Contributor","Advanced Technology","General Management"
"23712","148MepaEAi","Individual Contributor","Communications","Administrative Services"
"23713","96hExwWAUM","Supervisor","Healthcare","Administrative Services"
"23714","VjCRUvhFbD","Supervisor","Retail","Marketing"
"23715","PRqYnGuA83","Supervisor","Advanced Technology","Sales"
"23716","uaPhpcJjKi","Individual Contributor","Retail","Administrative Services"
"23717","TEDAfj152M","Individual Contributor","Financial Services","Sales"
"23718","f5t93nOyKi","Individual Contributor","Government","Marketing"
"23719","QWRq3oCpb1","Supervisor","Advanced Technology","Sales"
"23720","TAsSvmpO3N","Individual Contributor","Financial Services","Sales"
"23721","Z5kGupVvwd","Individual Contributor","Consumer Goods","Administrative Services"
"23722","iYGwvDlyzc","Supervisor","Financial Services","Legal"
"23723","OmjbPi2AMu","Individual Contributor","Consumer Goods","Sales"
"23724","duE9tU5SgY","Individual Contributor","Financial Services","Operations"
"23725","1UxDoWHJr4","Individual Contributor","Communications","General Management"
"23726","58R1GqoWFj","Individual Contributor","Financial Services","Operations"
"23727","M8lw4isGNO","Individual Contributor","Consumer Goods","Administrative Services"
"23728","KamR3hQZIC","Individual Contributor","Consumer Goods","Marketing"
"23729","VxX9qwGzvM","Individual Contributor","Financial Services","General Management"
"23730","f6avQxu9hF","Individual Contributor","Consumer Goods","Sales"
"23731","fzFhiSKjXB","Individual Contributor","Consumer Goods","Administrative Services"
"23732","6ERZHhgI8r","Individual Contributor","Consumer Goods","Sales"
"23733","ZIkUMEt5js","Individual Contributor","Government","Operations"
"23734","L8jOxehCYn","Supervisor","Healthcare","Marketing"
"23735","sqeB6a7NSw","Individual Contributor","Consumer Goods","General Management"
"23736","9gQI8jL2kt","Individual Contributor","Consumer Goods","Legal"
"23737","eHZsqaR97F","Supervisor","Healthcare","Administrative Services"
"23738","CbsErnG94v","Individual Contributor","Consumer Goods","Operations"
"23739","NhOkPRDpvJ","Individual Contributor","Healthcare","Administrative Services"
"23740","M6kHUpsEQG","Functional Leader","Government","Legal"
"23741","7edPvJCwM6","Functional Leader","Advanced Technology","Sales"
"23742","7VvbeGHKYp","Supervisor","Government","Operations"
"23743","6ed48iW3Aw","Individual Contributor","Financial Services","General Management"
"23744","MyHlS4w6t1","Individual Contributor","Consumer Goods","Sales"
"23745","ZzDEU2JCjW","Functional Leader","Communications","Human Resources"
"23746","h1HpcurXkZ","Supervisor","Consumer Goods","General Management"
"23747","nImc3X6ONx","Functional Leader","Advanced Technology","Sales"
"23748","xIHkV75Yiu","Individual Contributor","Communications","Sales"
"23749","y3kWRbuzJ2","Functional Leader","Healthcare","Marketing"
"23750","aKEMwtgIfn","Supervisor","Government","Administrative Services"
"23751","CbjPq1rLk7","Supervisor","Government","Sales"
"23752","RjmK4NcI2J","Individual Contributor","Retail","Administrative Services"
"23753","hSi43nl2Pt","Individual Contributor","Advanced Technology","Operations"
"23754","QoJ21RL5Ed","Supervisor","Healthcare","Administrative Services"
"23755","3jYtNmGTL7","Supervisor","Communications","General Management"
"23756","PcIRbZzHJ8","Individual Contributor","Consumer Goods","Administrative Services"
"23757","9hWw6rVk4Z","Individual Contributor","Retail","General Management"
"23758","28mxMQdkqP","Individual Contributor","Advanced Technology","Human Resources"
"23759","A4vLqFMVxj","Individual Contributor","Financial Services","Legal"
"23760","rIlDc2KPtA","Supervisor","Communications","Sales"
"23761","rNjE3G8nMF","Individual Contributor","Financial Services","Legal"
"23762","sOEkHTZlIS","Individual Contributor","Financial Services","General Management"
"23763","U6EpoBylHe","Individual Contributor","Healthcare","General Management"
"23764","hLi2QB7E1n","Individual Contributor","Advanced Technology","Administrative Services"
"23765","N9WdZVEaXl","Individual Contributor","Communications","General Management"
"23766","ceNhbaVtdo","Supervisor","Retail","Human Resources"
"23767","rtLCbYnuch","Individual Contributor","Retail","Human Resources"
"23768","J6dChoyNpn","Individual Contributor","Consumer Goods","Marketing"
"23769","HXiKO3ndG8","Individual Contributor","Financial Services","Human Resources"
"23770","CWlO8QGEdA","Individual Contributor","Healthcare","Human Resources"
"23771","k1zPA3MuQV","Individual Contributor","Consumer Goods","Operations"
"23772","pxHBLlZPJ1","Individual Contributor","Consumer Goods","Human Resources"
"23773","z2vTPaKYun","Mid-level Manager","Government","Administrative Services"
"23774","iBbEVSFZjD","Individual Contributor","Healthcare","Sales"
"23775","3pquGm5LVn","Individual Contributor","Financial Services","Legal"
"23776","ofRDy1N3K5","Supervisor","Advanced Technology","Sales"
"23777","v5rOhzCDNw","Supervisor","Advanced Technology","Marketing"
"23778","4M3Vshfwgz","Functional Leader","Retail","Operations"
"23779","LSkub6FWxN","Individual Contributor","Government","Marketing"
"23780","nY39JRGKpc","Individual Contributor","Healthcare","Operations"
"23781","TtiFu1HmLU","Individual Contributor","Advanced Technology","Marketing"
"23782","xaX9eEHc2D","Individual Contributor","Healthcare","General Management"
"23783","8EIdSUCxNH","Supervisor","Advanced Technology","Legal"
"23784","8PJ6CVYDhI","Functional Leader","Government","Human Resources"
"23785","GrcmOgFtA4","Supervisor","Healthcare","General Management"
"23786","GRZx5saSD4","Individual Contributor","Financial Services","Sales"
"23787","cSCPpwbV2B","Supervisor","Healthcare","Administrative Services"
"23788","BcZ9jN3pif","Functional Leader","Retail","Operations"
"23789","WiHxFSEoJ2","Individual Contributor","Government","Operations"
"23790","BNX4LIlPGY","Individual Contributor","Financial Services","Legal"
"23791","7RkhsK4epL","Individual Contributor","Retail","Sales"
"23792","OYGiDKyXQt","Individual Contributor","Communications","Human Resources"
"23793","jUcYeByhL2","Individual Contributor","Government","Sales"
"23794","onjUXaeWsB","Individual Contributor","Consumer Goods","Operations"
"23795","TAicj2kR6V","Individual Contributor","Advanced Technology","Legal"
"23796","KSMzlG3HLD","Mid-level Manager","Healthcare","General Management"
"23797","eOg3SPIhGH","Mid-level Manager","Financial Services","Administrative Services"
"23798","BjVTZJfokG","Individual Contributor","Advanced Technology","Operations"
"23799","MhPJs4E8Yb","Individual Contributor","Financial Services","Human Resources"
"23800","fuZa5ivsEX","Individual Contributor","Communications","Human Resources"
"23801","1kuTG2OSzw","Functional Leader","Government","Legal"
"23802","sISD1uJEaB","Individual Contributor","Healthcare","General Management"
"23803","4zS2dRePNw","Individual Contributor","Consumer Goods","Marketing"
"23804","ErgWkitOef","Mid-level Manager","Consumer Goods","Operations"
"23805","pVLi6n3MDm","Individual Contributor","Advanced Technology","Legal"
"23806","I51l4WuJDb","Individual Contributor","Retail","General Management"
"23807","7pHLEWCDNb","Individual Contributor","Retail","Marketing"
"23808","YCOu1lWIjP","Functional Leader","Communications","Marketing"
"23809","YwFELS6h7B","Individual Contributor","Communications","Operations"
"23810","lwsgZidGV5","Individual Contributor","Financial Services","Operations"
"23811","FJ5Kpo8BlW","Individual Contributor","Advanced Technology","Legal"
"23812","OJnv493UAd","Individual Contributor","Government","Legal"
"23813","gNjqr4R6wU","Supervisor","Consumer Goods","Human Resources"
"23814","jcgqroMRPz","Supervisor","Financial Services","Administrative Services"
"23815","iBx6SpNf4g","Individual Contributor","Retail","Human Resources"
"23816","1vHAQiyCLo","Individual Contributor","Advanced Technology","Legal"
"23817","feGElUJV9S","Individual Contributor","Government","General Management"
"23818","gLrHI9mdhC","Functional Leader","Retail","Administrative Services"
"23819","AnORl5J329","Mid-level Manager","Healthcare","Sales"
"23820","QJLzo8j4Kd","Individual Contributor","Communications","General Management"
"23821","RxqOPbMA6g","Supervisor","Healthcare","Marketing"
"23822","nRC7ZsUXmp","Individual Contributor","Consumer Goods","Operations"
"23823","IhY9fleMj7","Mid-level Manager","Advanced Technology","Operations"
"23824","N7bWiAIcds","Individual Contributor","Retail","Legal"
"23825","ATV3rQxnRt","Individual Contributor","Advanced Technology","Administrative Services"
"23826","kqQK6Ilsce","Supervisor","Healthcare","Administrative Services"
"23827","P7i8s1pe9B","Individual Contributor","Financial Services","General Management"
"23828","A2dhQOZ1RD","Individual Contributor","Advanced Technology","Administrative Services"
"23829","7VxoLIvAQF","Individual Contributor","Advanced Technology","Legal"
"23830","zyBJA8CdeE","Supervisor","Advanced Technology","Human Resources"
"23831","o4kMtJm2wb","Individual Contributor","Advanced Technology","Operations"
"23832","h8RS1NTUyO","Individual Contributor","Healthcare","Operations"
"23833","k5LuRN2VHK","Individual Contributor","Financial Services","General Management"
"23834","Hjnfy8zRsM","Individual Contributor","Communications","Marketing"
"23835","MJpflj9rTy","Individual Contributor","Retail","Legal"
"23836","m4g6bzh3rV","Mid-level Manager","Advanced Technology","Human Resources"
"23837","XhBb68l9n2","Individual Contributor","Advanced Technology","Administrative Services"
"23838","BY5qOfzkuG","Individual Contributor","Retail","Operations"
"23839","p5yux3roCg","Individual Contributor","Retail","Legal"
"23840","N9Fe3wA27s","Individual Contributor","Healthcare","Operations"
"23841","UfPKyZglYi","Individual Contributor","Financial Services","Marketing"
"23842","wcTP2LIqzW","Individual Contributor","Communications","Operations"
"23843","wPClimKvEx","Mid-level Manager","Communications","Operations"
"23844","QpUS3yDtrc","Individual Contributor","Advanced Technology","Administrative Services"
"23845","RuG2hWimFJ","Mid-level Manager","Healthcare","Legal"
"23846","j9OrtF3NBe","Individual Contributor","Government","Administrative Services"
"23847","fCw5LshiuF","Individual Contributor","Advanced Technology","Sales"
"23848","ewN7yDTpLP","Individual Contributor","Healthcare","Marketing"
"23849","SNTpFh5YKg","Individual Contributor","Retail","Administrative Services"
"23850","fFlY3RBXbi","Individual Contributor","Healthcare","Sales"
"23851","LDf4IKwhNC","Individual Contributor","Retail","Legal"
"23852","1Qh9kVAa7u","Individual Contributor","Retail","General Management"
"23853","6WaAQ7fte8","Supervisor","Communications","Administrative Services"
"23854","oICU6Vya8m","Supervisor","Retail","General Management"
"23855","uPizrX46Vp","Individual Contributor","Retail","General Management"
"23856","hOuRG1oJnN","Individual Contributor","Financial Services","General Management"
"23857","5CvlfxNSFo","Individual Contributor","Advanced Technology","Operations"
"23858","KQFxtjYeUm","Supervisor","Government","Human Resources"
"23859","QY36aUgVke","Individual Contributor","Retail","General Management"
"23860","3MifNLjqcG","Mid-level Manager","Consumer Goods","Human Resources"
"23861","GgOju5apvE","Mid-level Manager","Retail","General Management"
"23862","usXTQdwHJY","Individual Contributor","Healthcare","Human Resources"
"23863","ZarICRvj8o","Supervisor","Communications","Administrative Services"
"23864","UkbiGhXByR","Supervisor","Financial Services","Human Resources"
"23865","hQqBJC4lMe","Individual Contributor","Financial Services","Legal"
"23866","LBJIEezYC3","Supervisor","Government","Operations"
"23867","9vslunHM6T","Individual Contributor","Government","Administrative Services"
"23868","46xGNJrcDt","Supervisor","Communications","Sales"
"23869","EtynACxafD","Individual Contributor","Healthcare","General Management"
"23870","UAx5Ic9zGT","Individual Contributor","Retail","Marketing"
"23871","HQUWBizy4j","Mid-level Manager","Financial Services","Legal"
"23872","HD7MdawX8Q","Supervisor","Government","Operations"
"23873","u1abg97dQv","Individual Contributor","Retail","Legal"
"23874","2hqEeQkBKy","Individual Contributor","Advanced Technology","Sales"
"23875","DvGiXWldHc","Individual Contributor","Government","Sales"
"23876","3G5i4zaLZO","Individual Contributor","Government","Human Resources"
"23877","GtskuSCIJN","Functional Leader","Retail","Legal"
"23878","ubQDAvcCYg","Supervisor","Healthcare","Sales"
"23879","B5lgTRq84M","Supervisor","Financial Services","Human Resources"
"23880","ulzQeZkavX","Functional Leader","Financial Services","General Management"
"23881","CKv6TqWn8d","Supervisor","Financial Services","Marketing"
"23882","m1f9cvbskr","Individual Contributor","Financial Services","Sales"
"23883","l5xAwBejZR","Individual Contributor","Healthcare","Sales"
"23884","735nXTkom1","Individual Contributor","Government","Operations"
"23885","N5eIjlhXBx","Individual Contributor","Advanced Technology","Marketing"
"23886","IwqHxc3bph","Individual Contributor","Communications","Administrative Services"
"23887","y1cWr2ivKt","Functional Leader","Consumer Goods","Marketing"
"23888","tK4zc7YlpR","Individual Contributor","Consumer Goods","General Management"
"23889","lHOs5xna2o","Individual Contributor","Consumer Goods","General Management"
"23890","l9OsC8BiPQ","Functional Leader","Consumer Goods","Administrative Services"
"23891","9CW7R5wIf1","Individual Contributor","Financial Services","Human Resources"
"23892","otpYFedGID","Individual Contributor","Government","Administrative Services"
"23893","WyUc8wtB2s","Mid-level Manager","Healthcare","Sales"
"23894","O6dStlL9gn","Individual Contributor","Financial Services","Human Resources"
"23895","Iq1BcFb9aN","Individual Contributor","Consumer Goods","Marketing"
"23896","TLAmG7fapI","Functional Leader","Communications","Human Resources"
"23897","w7Ue2jdyZT","Individual Contributor","Government","General Management"
"23898","Qj2qIwEs89","Individual Contributor","Consumer Goods","Administrative Services"
"23899","236qvyTVMg","Individual Contributor","Communications","Legal"
"23900","wnbLZyG7Mc","Functional Leader","Healthcare","Sales"
"23901","4EZYTgO6wN","Supervisor","Consumer Goods","Marketing"
"23902","AGxSyUbNHd","Individual Contributor","Government","Marketing"
"23903","PKj691IDVJ","Individual Contributor","Retail","Sales"
"23904","8SsPmVqCfc","Individual Contributor","Healthcare","Sales"
"23905","gS5xsKRefC","Individual Contributor","Financial Services","General Management"
"23906","toxeE9I5hY","Individual Contributor","Advanced Technology","Sales"
"23907","HWerx6DNAv","Individual Contributor","Consumer Goods","Legal"
"23908","hsA4Xt6Jwz","Supervisor","Advanced Technology","Operations"
"23909","HYKChoJpA5","Individual Contributor","Financial Services","Administrative Services"
"23910","J2reodczXj","Individual Contributor","Financial Services","Human Resources"
"23911","TxXbvaMtfq","Mid-level Manager","Advanced Technology","Operations"
"23912","FkIWVTJqE9","Functional Leader","Consumer Goods","Sales"
"23913","T8ALg74f5V","Individual Contributor","Communications","Sales"
"23914","a6ozrcXygE","Supervisor","Communications","Administrative Services"
"23915","5ly8HMih1R","Individual Contributor","Retail","Administrative Services"
"23916","T25yrBfnqh","Supervisor","Retail","Human Resources"
"23917","iv8dSnTgP5","Individual Contributor","Communications","General Management"
"23918","yQVHTMw1xc","Functional Leader","Government","Sales"
"23919","F47nzVRvPj","Mid-level Manager","Consumer Goods","Human Resources"
"23920","YuHmO6DoBN","Individual Contributor","Consumer Goods","Human Resources"
"23921","OAeldLyk2o","Individual Contributor","Financial Services","Human Resources"
"23922","lm8kp6XPuZ","Individual Contributor","Retail","General Management"
"23923","JMhTB3gdxV","Individual Contributor","Communications","Sales"
"23924","tvgV7xT12I","Supervisor","Consumer Goods","Legal"
"23925","6FuIRH4JTS","Individual Contributor","Healthcare","Marketing"
"23926","ZwuP9jxd4D","Functional Leader","Financial Services","Administrative Services"
"23927","9NXsbYBeRj","Supervisor","Consumer Goods","Sales"
"23928","dwrYpliQaH","Individual Contributor","Communications","Sales"
"23929","p5ynTOsxWm","Individual Contributor","Healthcare","Marketing"
"23930","t5WXkaYN2o","Mid-level Manager","Advanced Technology","Legal"
"23931","GsJHSNY5BM","Individual Contributor","Advanced Technology","Human Resources"
"23932","tJaNihjDXE","Individual Contributor","Advanced Technology","General Management"
"23933","rmV23JpkPy","Individual Contributor","Financial Services","Operations"
"23934","d2wEHcifXq","Individual Contributor","Consumer Goods","Administrative Services"
"23935","Lf1uPBxNia","Functional Leader","Communications","General Management"
"23936","shlaWrfm39","Individual Contributor","Communications","Legal"
"23937","xyLACYFUIO","Individual Contributor","Financial Services","Administrative Services"
"23938","JBhGEoX641","Individual Contributor","Consumer Goods","Legal"
"23939","d54iJ9UfyZ","Individual Contributor","Healthcare","Human Resources"
"23940","X8jaN7oQgw","Supervisor","Retail","Operations"
"23941","3XixfDwQep","Individual Contributor","Retail","Administrative Services"
"23942","wXHWTsOEcY","Individual Contributor","Healthcare","General Management"
"23943","HXkG7ArIvL","Individual Contributor","Advanced Technology","Legal"
"23944","5ywoHLKeDW","Supervisor","Financial Services","Operations"
"23945","DpVfdezo8Y","Functional Leader","Financial Services","Administrative Services"
"23946","K16vsFYPTQ","Individual Contributor","Government","Sales"
"23947","HR3Ci7KgU4","Individual Contributor","Financial Services","Marketing"
"23948","NCtbDElOei","Individual Contributor","Healthcare","Legal"
"23949","sNKXoFUlJj","Supervisor","Government","Human Resources"
"23950","ZpEzx3QL6m","Individual Contributor","Consumer Goods","Marketing"
"23951","L6iTQC7DJh","Supervisor","Consumer Goods","Administrative Services"
"23952","RZGPF8sr26","Individual Contributor","Financial Services","Human Resources"
"23953","YasAlUM1R7","Individual Contributor","Financial Services","Operations"
"23954","zAtYxS3Tf1","Mid-level Manager","Financial Services","Sales"
"23955","OjwcqKJPkS","Individual Contributor","Financial Services","Marketing"
"23956","KsQlpzHqbk","Individual Contributor","Retail","Marketing"
"23957","tAsLZMvied","Functional Leader","Government","Sales"
"23958","eOjXWQETv7","Individual Contributor","Healthcare","General Management"
"23959","AKHs5vmytE","Individual Contributor","Healthcare","Sales"
"23960","TjiS8xX1wr","Individual Contributor","Government","Sales"
"23961","JexYFviHWG","Individual Contributor","Consumer Goods","Marketing"
"23962","p3sFmqVS2w","Functional Leader","Consumer Goods","Administrative Services"
"23963","iHdMyEpLXv","Functional Leader","Retail","Operations"
"23964","ERFUdlMPSw","Individual Contributor","Consumer Goods","Administrative Services"
"23965","JnpAI5quLQ","Individual Contributor","Communications","General Management"
"23966","D9mnIbVJc3","Supervisor","Retail","Operations"
"23967","Aj6DaTk3gs","Individual Contributor","Government","Administrative Services"
"23968","ap5ObKRHAy","Individual Contributor","Advanced Technology","Sales"
"23969","XUYNfMlbWI","Individual Contributor","Communications","Operations"
"23970","hFyxv53Tpe","Individual Contributor","Healthcare","Human Resources"
"23971","FpRPh6cXZ8","Individual Contributor","Advanced Technology","Legal"
"23972","dBbLNhacOV","Individual Contributor","Financial Services","Legal"
"23973","LnKROQIwJ7","Individual Contributor","Financial Services","Administrative Services"
"23974","y3znK6LaWA","Individual Contributor","Government","Marketing"
"23975","gODXuPy8MU","Individual Contributor","Consumer Goods","General Management"
"23976","UY671zVnTZ","Functional Leader","Consumer Goods","Legal"
"23977","JD9FwcIqez","Individual Contributor","Retail","General Management"
"23978","qLanQUjvyJ","Individual Contributor","Financial Services","Operations"
"23979","PUGrpYLBIM","Individual Contributor","Consumer Goods","Legal"
"23980","5yP3KmnboY","Mid-level Manager","Financial Services","Administrative Services"
"23981","fcGAIZqOoK","Individual Contributor","Financial Services","Human Resources"
"23982","PYaHbRkOh7","Mid-level Manager","Healthcare","Administrative Services"
"23983","Qq9zXFgedV","Individual Contributor","Healthcare","Sales"
"23984","lyKGAeNDXi","Individual Contributor","Government","Human Resources"
"23985","wxCtNfDa51","Functional Leader","Government","Sales"
"23986","sCKp1Pylv2","Mid-level Manager","Government","Sales"
"23987","QOEvPsCrIu","Individual Contributor","Retail","Legal"
"23988","zXg9VfaBvx","Supervisor","Financial Services","Legal"
"23989","9mCxEZ45da","Individual Contributor","Government","Sales"
"23990","zB56Of8eKl","Individual Contributor","Consumer Goods","Sales"
"23991","yl8rh3FEgP","Functional Leader","Communications","Operations"
"23992","Ybd87OUWNm","Individual Contributor","Communications","Sales"
"23993","XJZKb6AkDo","Supervisor","Consumer Goods","Sales"
"23994","9ufz6SdD7y","Functional Leader","Government","Legal"
"23995","Ey1LQfTnAr","Individual Contributor","Retail","Marketing"
"23996","PYT9U8uohD","Individual Contributor","Communications","Legal"
"23997","C9UoPZwcb4","Individual Contributor","Retail","Operations"
"23998","I4urUCWxla","Mid-level Manager","Advanced Technology","Operations"
"23999","rpRz67wQJi","Individual Contributor","Healthcare","Operations"
"24000","6Mn9skxj78","Supervisor","Advanced Technology","Human Resources"
